/*
===========================================================================================
NAME     : Ankita
CLASS    : TE(A)
ROLL NO. : 53
SUBJECT  : WT Lab.
===============================================================================================

     Assignment no: 3
-----------------------------------------------------------------------------------------------
Write a program to design a address book for alumni by using XML and CSS to display Name,email-ID,Address,
contact no. of alumni

================================================================================================


*/
<?xml version ="1.0"?>
<?xml-stylesheet type ="text/xsl" href="alumini1.xsl"?>
<CATALOG>
<ALUMINI>
	<NAME><h1>Shreya Patil</h1></NAME>
	<Email>shreyapatil51298@gmail.com</Email>
	<ADD>NASHIK</ADD>
	<PHN_NO>7887333292</PHN_NO>
</ALUMINI>

<ALUMINI>
	<NAME><h1>Neha Sarnaik</h1></NAME>
	<Email>neha17@gmail.com</Email>
	<ADD>NASHIK</ADD>
	<PHN_NO>9678745336</PHN_NO>
</ALUMINI>

<ALUMINI>
	<NAME><h1>Devika Kulkarni</h1></NAME>
	<Email>devika28@gmail.com</Email>
	<ADD>Pune</ADD>
	<PHN_NO>9155845675</PHN_NO>
</ALUMINI>

<ALUMINI>
	<NAME><h1>Priyanka Hirey</h1></NAME>
	<Email>piyu283@gmail.com</Email>
	<ADD>Mumbai</ADD>
	<PHN_NO>9753456523</PHN_NO>
</ALUMINI>

<ALUMINI>
	<NAME><h1>Madhura Patil</h1></NAME>
	<Email>madhu274@gmail.com</Email>
	<ADD>NASHIK</ADD>
	<PHN_NO>7343473562</PHN_NO>
</ALUMINI>

<ALUMINI>
	<NAME><h1>Anagha Patil</h1></NAME>
	<Email>anu29@gmail.com</Email>
	<ADD>NASHIK</ADD>
	<PHN_NO>7586766562</PHN_NO>
</ALUMINI>

<ALUMINI>
	<NAME><h1>Apurva Deore</h1></NAME>
	<Email>apu4@gmail.com</Email>
	<ADD>Pune</ADD>
	<PHN_NO>9434345542</PHN_NO>
</ALUMINI>

<ALUMINI>
	<NAME><h1>Kshitish Patil</h1></NAME>
	<Email>kshitu7@gmail.com</Email>
	<ADD>Mumbai</ADD>
	<PHN_NO>7454654652</PHN_NO>
</ALUMINI>

<ALUMINI>
	<NAME><h1>Atharva Deore</h1></NAME>
	<Email>athu30@gmail.com</Email>
	<ADD>Mumbai</ADD>
	<PHN_NO>8454654652</PHN_NO>
</ALUMINI>
</CATALOG>
	
